order_number;sku_id;quantity;price
2999000;20902;3;347.00
2999000;20978;2;300.00
2999000;56636;1;496.00
2999001;43369;1;17.00
2999002;20046;2;333.00
2999002;25309;3;106.00
2999002;27330;1;431.00
2999002;60265;1;83.00
2999002;67807;2;19.00
2999003;28135;6;449.00
2999003;29878;2;255.00
2999003;47860;3;323.00
2999004;56248;9;74.00
2999005;40345;3;382.00
2999006;20516;1;123.00
2999006;59464;1;172.00
2999006;59699;4;152.00
2999007;37087;1;145.00
2999007;43542;1;305.00
2999007;67779;2;344.00
2999008;38437;4;171.00
2999008;53197;3;367.00
2999009;55637;9;303.00
2999010;64393;3;29.00
2999011;23375;1;377.00
2999011;43959;3;384.00
2999012;44275;1;89.00
2999013;45397;7;220.00
2999013;63114;1;490.00
2999013;66406;1;80.00
2999014;24904;7;151.00
2999014;32083;1;249.00
2999014;44570;6;268.00
2999014;48485;5;193.00
2999014;63804;1;122.00
2999015;36683;2;342.00
2999015;42306;2;460.00
2999015;42818;3;370.00
2999015;55695;1;50.00
2999015;55707;2;131.00
2999016;67207;1;468.00
2999017;30285;9;322.00
2999018;29512;3;282.00
2999018;38241;4;448.00
2999019;24972;3;188.00
2999019;26146;1;357.00
2999020;43391;5;28.00
2999020;63085;3;57.00
2999021;22520;3;130.00
2999021;36739;1;440.00
2999022;35184;1;350.00
2999022;43655;1;196.00
2999022;48213;1;422.00
2999023;48799;3;466.00
2999023;61957;1;19.00
2999023;64655;1;387.00
2999023;64968;1;361.00
2999023;69439;1;415.00
2999024;43491;1;432.00
2999025;47439;2;149.00
2999026;36208;2;177.00
2999026;36480;1;46.00
2999026;46481;3;480.00
2999027;32118;3;467.00
2999027;36552;9;48.00
2999028;48010;6;243.00
2999028;56409;3;310.00
2999029;62678;3;444.00
2999030;21938;3;403.00
2999030;27742;4;243.00
2999030;44663;1;125.00
2999030;48269;2;143.00
2999031;32673;1;364.00
2999031;59305;3;293.00
2999032;36838;7;194.00
2999032;48700;1;55.00
2999033;44400;7;193.00
2999033;46263;5;371.00
2999033;57065;1;31.00
2999034;69095;3;183.00
2999035;25873;5;47.00
2999035;43276;3;450.00
2999035;45466;2;128.00
2999036;30948;2;329.00
2999036;37320;9;133.00
2999036;43659;1;227.00
2999036;60898;1;149.00
2999037;22320;2;393.00
2999037;32357;1;240.00
2999037;64932;3;391.00
2999038;24468;3;226.00
2999038;32047;3;187.00
2999038;35873;1;349.00
2999039;30899;1;488.00
2999040;27988;3;350.00
2999040;41379;1;320.00
2999040;58648;2;75.00
2999040;66299;1;334.00
2999041;48552;1;348.00
2999041;64315;3;263.00
2999041;66090;3;77.00
2999042;41728;1;482.00
2999042;49779;4;435.00
2999042;64722;9;227.00
2999043;32441;9;333.00
2999043;43178;3;50.00
2999043;46088;1;290.00
2999044;28851;1;260.00
2999044;39893;1;190.00
2999044;46252;3;264.00
2999044;66918;3;443.00
2999045;33436;2;109.00
2999045;40484;3;203.00
2999045;54031;3;315.00
2999045;55522;5;108.00
2999046;30162;2;483.00
2999047;27994;3;463.00
2999047;31511;3;209.00
2999047;40888;1;213.00
2999047;62629;3;173.00
2999047;64127;1;54.00
2999048;32011;2;158.00
2999049;26208;7;366.00
2999049;30579;1;320.00
2999049;30613;1;145.00
2999049;33147;3;273.00
2999049;45385;7;151.00
2999050;64835;3;172.00
2999051;47468;1;160.00
2999051;61634;2;200.00
2999051;67344;2;268.00
2999052;27448;6;417.00
2999052;29064;1;134.00
2999052;52628;1;184.00
2999052;54792;1;388.00
2999052;58100;2;272.00
2999053;50549;1;475.00
2999053;57663;3;126.00
2999053;64769;3;55.00
2999054;54922;3;498.00
2999054;67931;3;292.00
2999055;65422;2;299.00
2999056;24076;2;158.00
2999056;32250;1;23.00
2999057;25391;1;293.00
2999057;31555;8;387.00
2999057;45011;1;294.00
2999057;53323;2;186.00
2999057;68403;3;300.00
2999058;22311;1;70.00
2999058;35969;1;372.00
2999058;55853;1;347.00
2999058;64210;3;177.00
2999059;31792;2;314.00
2999059;56264;1;225.00
2999060;40137;2;349.00
2999060;47986;7;418.00
2999060;55145;2;218.00
2999060;57529;9;241.00
2999061;20444;2;403.00
2999061;25665;6;421.00
2999061;26975;3;100.00
2999061;32065;3;236.00
2999061;55871;2;143.00
2999062;30497;3;470.00
2999062;34980;2;266.00
2999062;43594;2;167.00
2999062;55602;2;258.00
2999062;65105;3;491.00
2999063;54261;3;26.00
2999063;58572;3;272.00
2999064;49976;2;347.00
2999064;54043;2;490.00
2999064;67497;3;280.00
2999065;33890;3;303.00
2999065;34715;2;88.00
2999066;28908;1;161.00
2999066;42922;1;97.00
2999066;50042;1;217.00
2999066;60175;1;260.00
2999067;64151;3;78.00
2999067;68765;1;240.00
2999068;44031;3;422.00
2999068;53785;2;335.00
2999068;54056;6;494.00
2999068;62747;3;225.00
2999068;64628;1;288.00
2999069;40391;3;197.00
2999069;45765;1;50.00
2999069;47847;2;119.00
2999070;23652;2;54.00
2999070;31284;1;192.00
2999070;43839;2;303.00
2999070;53770;3;328.00
2999070;55743;2;174.00
2999071;22822;3;45.00
2999071;27071;1;204.00
2999071;34004;1;292.00
2999072;35014;2;109.00
2999072;38488;3;115.00
2999072;39545;2;330.00
2999072;46637;3;376.00
2999072;49464;1;271.00
2999073;49833;3;117.00
2999074;31513;1;423.00
2999074;35480;3;154.00
2999074;37645;2;164.00
2999074;47285;2;297.00
2999074;50001;3;285.00
2999075;22280;8;285.00
2999075;24907;2;60.00
2999075;56218;3;59.00
2999076;21888;2;465.00
2999076;60718;3;105.00
2999076;60931;2;64.00
2999077;29521;2;380.00
2999077;31323;1;26.00
2999077;43030;1;222.00
2999077;64909;5;143.00
2999078;55661;1;478.00
2999078;62275;3;437.00
2999079;21662;3;136.00
2999079;21968;3;369.00
2999079;36039;3;50.00
2999079;47226;2;29.00
2999079;60834;3;386.00
2999080;29372;5;78.00
2999081;34493;2;468.00
2999081;50803;8;376.00
2999082;23430;1;353.00
2999082;46324;3;250.00
2999082;54115;6;275.00
2999082;56653;3;208.00
2999083;37783;3;60.00
2999083;64982;2;310.00
2999084;32666;9;141.00
2999084;41874;3;464.00
2999084;50502;5;180.00
2999084;65900;8;422.00
2999084;69208;6;423.00
2999085;24282;1;205.00
2999085;39430;3;218.00
2999085;56763;1;183.00
2999085;69720;4;217.00
2999086;32948;3;461.00
2999086;36529;3;205.00
2999086;69269;3;173.00
2999087;37165;1;431.00
2999087;44345;3;67.00
2999087;45634;3;450.00
2999087;48221;2;472.00
2999087;67044;2;124.00
2999088;52971;2;385.00
2999088;67051;1;51.00
2999089;33929;3;301.00
2999089;65996;3;179.00
2999089;68397;3;68.00
2999089;69163;2;165.00
2999090;21438;1;331.00
2999090;36330;3;363.00
2999090;67453;5;101.00
2999091;21485;2;328.00
2999091;34401;7;296.00
2999091;51384;3;340.00
2999091;51903;8;113.00
2999092;21149;9;83.00
2999092;23868;2;277.00
2999092;43766;2;171.00
2999092;59045;1;158.00
2999093;29154;3;63.00
2999093;32451;2;230.00
2999093;39701;1;241.00
2999093;52220;2;110.00
2999093;63430;5;86.00
2999094;26142;1;227.00
2999094;43633;1;276.00
2999095;44139;3;125.00
2999095;58879;2;360.00
2999096;32592;1;299.00
2999097;31402;1;209.00
2999097;31750;2;319.00
2999097;42868;8;190.00
2999097;46887;2;311.00
2999097;49914;1;418.00
2999098;65028;1;444.00
2999098;68743;7;144.00
2999099;25388;3;267.00
2999099;52140;3;29.00
2999099;57689;1;53.00
2999099;69069;1;376.00
2999100;30524;4;79.00
2999100;31095;3;245.00
2999100;65057;1;69.00
2999100;67202;2;280.00
2999101;30498;4;328.00
2999101;48067;3;390.00
2999102;33834;2;216.00
2999102;34987;6;149.00
2999103;54687;3;294.00
2999104;24046;1;399.00
2999104;42249;1;436.00
2999104;46331;3;280.00
2999104;55785;5;434.00
2999104;67077;3;119.00
2999105;28824;3;484.00
2999105;59207;3;157.00
2999106;64477;1;104.00
2999107;20207;2;133.00
2999107;21589;2;71.00
2999107;24673;5;210.00
2999107;62912;3;362.00
2999107;67846;2;395.00
2999108;43861;2;257.00
2999108;46632;3;235.00
2999108;54283;1;76.00
2999108;57832;1;184.00
2999108;67272;4;40.00
2999109;32846;4;339.00
2999109;33528;3;151.00
2999109;38084;2;389.00
2999109;43836;3;467.00
2999110;30455;1;169.00
2999110;41983;3;315.00
2999110;48786;2;236.00
2999110;54088;1;184.00
2999110;56727;1;100.00
2999111;33304;8;213.00
2999111;51321;3;181.00
2999112;40928;1;253.00
2999112;42447;7;207.00
2999113;21404;1;175.00
2999113;31440;6;310.00
2999113;53733;3;256.00
2999113;57531;2;281.00
2999114;51140;1;346.00
2999114;51894;7;271.00
2999114;64782;9;290.00
2999115;27660;2;419.00
2999115;30057;3;190.00
2999115;31143;5;171.00
2999115;40077;1;201.00
2999115;42263;3;199.00
2999116;31213;1;374.00
2999116;48733;6;205.00
2999116;52939;2;386.00
2999117;44595;1;180.00
2999118;24310;1;484.00
2999118;27073;3;134.00
2999118;64197;2;329.00
2999119;52923;3;165.00
2999119;56754;1;305.00
2999119;68116;3;347.00
2999120;30370;1;135.00
2999120;49900;8;268.00
2999120;51623;6;234.00
2999121;21960;5;248.00
2999121;22172;3;174.00
2999121;29208;1;251.00
2999121;42736;8;258.00
2999121;63963;3;75.00
2999122;30853;7;460.00
2999122;43580;1;338.00
2999123;41182;2;16.00
2999123;44494;1;497.00
2999123;58054;1;90.00
2999123;61631;3;388.00
2999124;20421;3;100.00
2999124;23768;3;497.00
2999124;40296;2;124.00
2999124;50666;1;336.00
2999125;27472;2;197.00
2999125;64247;9;462.00
2999126;35731;3;32.00
2999126;48505;4;391.00
2999126;56418;8;116.00
2999126;59629;2;326.00
2999127;22193;3;179.00
2999127;48516;2;293.00
2999127;52686;1;303.00
2999127;53783;7;317.00
2999128;20620;3;497.00
2999128;21054;7;267.00
2999128;25998;2;380.00
2999128;30559;2;265.00
2999128;49566;3;384.00
2999129;28464;3;467.00
2999129;42235;2;402.00
2999129;53880;6;41.00
2999129;69781;3;339.00
2999130;23804;1;242.00
2999130;42694;6;426.00
2999131;59389;2;469.00
2999131;62060;4;230.00
2999131;62816;3;280.00
2999132;26635;3;487.00
2999132;31462;2;68.00
2999132;51644;1;27.00
2999133;21662;2;136.00
2999134;25623;1;187.00
2999134;58423;2;427.00
2999134;63362;4;455.00
2999135;46156;3;469.00
2999135;60962;7;49.00
2999135;64418;2;254.00
2999136;37992;2;352.00
2999137;40564;3;332.00
2999138;25954;1;389.00
2999138;33384;3;29.00
2999138;41900;2;245.00
2999138;64430;2;309.00
2999139;28911;2;297.00
2999139;62577;3;114.00
2999140;33584;1;33.00
2999140;35156;2;146.00
2999140;53048;1;144.00
2999141;33911;1;254.00
2999141;34077;3;385.00
2999141;55686;2;109.00
2999141;59840;1;241.00
2999141;64506;3;466.00
2999142;23768;1;497.00
2999142;40879;5;71.00
2999142;43747;1;86.00
2999142;60804;2;122.00
2999142;69486;1;316.00
2999143;24007;2;266.00
2999143;46031;3;129.00
2999143;46626;1;435.00
2999143;61770;3;46.00
2999143;64748;8;167.00
2999144;26462;3;340.00
2999144;33956;3;278.00
2999144;45519;3;275.00
2999144;66543;2;431.00
2999144;67787;2;154.00
2999145;66481;1;38.00
2999146;47291;8;88.00
2999146;58484;9;36.00
2999146;60924;2;227.00
2999146;61454;7;93.00
2999147;37194;2;32.00
2999147;61994;3;20.00
2999148;45070;2;105.00
2999148;47716;2;272.00
2999148;50356;1;119.00
2999148;65356;1;218.00
2999148;69403;1;358.00
2999149;57724;2;41.00
2999150;30319;3;355.00
2999150;60832;1;461.00
2999151;53480;1;432.00
2999151;60932;2;391.00
2999152;20535;2;264.00
2999153;23718;1;373.00
2999153;40260;2;83.00
2999153;49491;6;180.00
2999153;68501;2;452.00
2999154;24173;9;340.00
2999154;30514;5;401.00
2999155;30241;2;408.00
2999155;68994;2;159.00
2999156;37599;2;41.00
2999156;47720;2;327.00
2999156;52587;1;46.00
2999156;58973;1;227.00
2999157;24842;9;397.00
2999157;42343;1;114.00
2999157;48360;7;175.00
2999157;66788;1;220.00
2999158;23658;3;380.00
2999158;35963;1;356.00
2999158;38394;3;224.00
2999158;45754;9;164.00
2999158;62102;5;217.00
2999159;43249;3;286.00
2999159;44733;1;151.00
2999159;46566;1;307.00
2999160;22000;4;217.00
2999160;34797;1;225.00
2999160;60580;1;147.00
2999161;21346;2;46.00
2999161;22447;8;332.00
2999162;25580;1;212.00
2999162;51168;3;323.00
2999162;60376;1;486.00
2999162;61929;2;373.00
2999162;69890;2;133.00
2999163;28390;1;105.00
2999163;54143;4;107.00
2999163;60475;4;110.00
2999163;61399;1;455.00
2999164;42319;1;363.00
2999165;20164;8;123.00
2999165;21341;3;446.00
2999165;49368;1;243.00
2999165;56649;3;430.00
2999165;56995;3;357.00
2999166;68789;2;199.00
2999167;41083;1;227.00
2999167;59638;7;38.00
2999167;61244;3;251.00
2999167;64602;8;76.00
2999168;26177;6;388.00
2999168;29584;2;105.00
2999168;56798;1;325.00
2999168;62218;3;134.00
2999169;36887;1;256.00
2999169;47039;3;249.00
2999169;55835;3;188.00
2999169;62740;1;349.00
2999169;65680;2;419.00
2999170;30743;1;51.00
2999170;52274;2;153.00
2999170;65691;9;225.00
2999171;29155;7;166.00
2999171;29181;4;453.00
2999171;56360;2;259.00
2999171;66975;2;31.00
2999172;34249;7;194.00
2999172;50856;3;124.00
2999172;62347;9;493.00
2999172;64334;3;224.00
2999172;69799;3;393.00
2999173;46467;2;258.00
2999173;48452;1;78.00
2999173;48754;3;278.00
2999173;65671;2;95.00
2999174;63416;5;489.00
2999174;67542;2;163.00
2999175;30422;3;368.00
2999175;34817;2;50.00
2999175;45861;2;184.00
2999175;50064;1;177.00
2999176;22202;1;376.00
2999176;27576;1;359.00
2999176;43717;3;96.00
2999177;39968;2;232.00
2999177;60332;2;118.00
2999177;68336;3;339.00
2999178;23106;2;144.00
2999179;23813;2;121.00
2999179;30340;2;33.00
2999179;49094;3;356.00
2999179;55686;1;109.00
2999179;64912;1;63.00
2999180;20375;3;343.00
2999180;33019;3;456.00
2999180;43096;2;214.00
2999180;55215;1;196.00
2999181;20094;2;118.00
2999181;60651;4;351.00
2999181;61929;5;373.00
2999182;63240;2;54.00
2999183;22931;1;54.00
2999183;33168;5;423.00
2999183;38768;8;440.00
2999183;66494;1;238.00
2999183;69033;1;93.00
2999184;30102;1;57.00
2999184;49360;2;458.00
2999185;48437;3;217.00
2999185;65096;2;171.00
2999185;65928;2;468.00
2999186;20451;4;492.00
2999186;32228;9;183.00
2999186;35916;1;352.00
2999186;45553;5;301.00
2999186;46300;3;58.00
2999187;27179;1;112.00
2999187;42347;3;353.00
2999188;40045;3;166.00
2999188;40056;2;496.00
2999188;50896;2;44.00
2999188;57773;1;23.00
2999188;65762;1;95.00
2999189;24711;8;37.00
2999189;35746;2;117.00
2999190;68712;2;416.00
2999191;43245;1;99.00
2999192;36858;2;30.00
2999192;63942;6;314.00
2999193;25950;8;157.00
2999193;30263;9;277.00
2999193;47196;3;397.00
2999194;45783;3;206.00
2999194;48337;1;147.00
2999194;62147;1;273.00
2999194;66414;2;88.00
2999194;67095;3;36.00
2999195;60028;3;445.00
2999195;61111;3;59.00
2999196;56674;5;402.00
2999197;30591;3;225.00
2999197;39628;2;191.00
2999197;48208;1;411.00
2999197;60598;3;251.00
2999198;47171;1;244.00
2999199;26427;1;392.00
2999199;34520;2;133.00
2999199;37722;8;26.00
2999199;49600;7;241.00
2999199;56590;9;331.00
2999200;32041;1;328.00
2999200;41236;7;221.00
2999200;57025;2;229.00
2999200;66817;1;170.00
2999201;48080;3;476.00
2999201;57427;3;346.00
2999201;58807;2;89.00
2999201;62260;2;128.00
2999202;27925;2;402.00
2999202;38012;8;166.00
2999202;64532;1;488.00
2999203;54214;3;185.00
2999203;66150;1;486.00
2999204;31392;2;206.00
2999204;36462;2;412.00
2999204;37063;2;66.00
2999204;46449;3;362.00
2999205;35744;3;150.00
2999205;36882;2;388.00
2999205;38953;3;219.00
2999205;65499;3;191.00
2999206;52653;2;120.00
2999207;21615;2;393.00
2999207;45247;1;42.00
2999208;41315;2;108.00
2999208;53418;3;356.00
2999209;29428;2;170.00
2999209;30792;3;284.00
2999209;37011;2;124.00
2999209;48520;3;443.00
2999210;30485;1;291.00
2999210;44158;3;255.00
2999210;54368;2;211.00
2999210;61298;5;289.00
2999211;36662;3;142.00
2999211;51820;1;62.00
2999211;55034;3;50.00
2999211;56227;2;150.00
2999211;61948;7;269.00
2999212;54510;2;114.00
2999212;66677;6;149.00
2999213;32893;3;358.00
2999213;38787;1;71.00
2999213;45290;6;260.00
2999213;45759;6;406.00
2999213;46608;2;41.00
2999214;59795;2;431.00
2999215;22513;3;191.00
2999215;39055;2;87.00
2999215;50686;3;258.00
2999216;20028;1;423.00
2999216;46343;2;354.00
2999216;52346;9;71.00
2999216;52875;3;278.00
2999217;44390;1;76.00
2999217;54209;4;147.00
2999217;54303;2;74.00
2999218;32827;1;422.00
2999219;21371;9;451.00
2999219;37124;3;403.00
2999219;66157;1;173.00
2999219;69473;1;262.00
2999220;50044;3;63.00
2999220;60001;2;165.00
2999220;67864;1;403.00
2999221;25224;2;349.00
2999222;24736;1;24.00
2999222;31555;1;387.00
2999222;53646;1;129.00
2999223;42731;1;192.00
2999224;28008;1;412.00
2999224;28718;3;100.00
2999224;34530;3;54.00
2999224;40390;3;118.00
2999224;62837;2;39.00
2999225;27843;2;480.00
2999225;55687;3;164.00
2999226;31972;1;55.00
2999226;47004;2;140.00
2999226;48494;1;31.00
2999226;53033;3;285.00
2999226;68718;3;129.00
2999227;25497;2;150.00
2999227;40215;2;222.00
2999227;65102;9;305.00
2999228;20602;9;295.00
2999228;27396;1;108.00
2999228;28467;3;262.00
2999228;31064;9;437.00
2999228;55615;3;410.00
2999229;69801;2;450.00
2999230;29652;9;37.00
2999230;44711;1;237.00
2999230;52772;3;111.00
2999230;54121;6;416.00
2999231;22711;3;96.00
2999231;27659;2;353.00
2999231;50809;9;46.00
2999231;67477;2;323.00
2999232;39189;1;332.00
2999232;41353;3;99.00
2999232;44514;9;86.00
2999232;48465;3;227.00
2999233;35688;3;412.00
2999233;39793;3;194.00
2999233;51792;2;93.00
2999233;67574;5;463.00
2999234;53099;2;62.00
2999234;64832;1;316.00
2999235;28645;7;356.00
2999235;34190;3;149.00
2999235;51219;8;302.00
2999235;53807;3;275.00
2999235;62101;4;143.00
2999236;34891;1;364.00
2999236;39643;1;481.00
2999236;61581;3;132.00
2999236;64746;3;380.00
2999237;68753;1;184.00
2999238;33022;2;41.00
2999238;56852;2;292.00
2999238;58542;8;342.00
2999238;60352;9;32.00
2999238;64975;3;245.00
2999239;56172;3;161.00
2999239;65782;1;486.00
2999239;67443;2;243.00
2999239;67750;3;56.00
2999240;30835;2;462.00
2999240;47819;5;131.00
2999241;38923;4;350.00
2999241;68823;1;209.00
2999242;26222;2;336.00
2999242;39635;2;351.00
2999242;51770;2;60.00
2999242;61698;3;132.00
2999243;68198;1;192.00
2999244;31696;3;202.00
2999244;33142;1;492.00
2999244;41742;5;474.00
2999244;58728;9;93.00
2999245;38836;3;370.00
2999245;42889;1;100.00
2999245;47461;3;142.00
2999246;22652;3;250.00
2999247;40251;1;226.00
2999247;42752;2;204.00
2999247;45470;3;210.00
2999247;49520;9;51.00
2999247;63737;1;224.00
2999248;30832;2;315.00
2999248;41934;3;253.00
2999248;47169;2;25.00
2999248;47274;2;199.00
2999248;62242;3;27.00
2999249;53028;1;173.00
2999249;63619;1;328.00
2999249;68084;1;319.00
2999250;39697;1;94.00
2999250;47346;3;295.00
2999250;49448;1;419.00
2999250;51040;1;379.00
2999251;32744;3;112.00
2999251;56493;3;59.00
2999252;27184;4;247.00
2999252;41375;6;240.00
2999252;48351;5;493.00
2999252;61777;1;399.00
2999253;28892;3;198.00
2999253;38432;3;194.00
2999253;42451;5;128.00
2999254;43531;3;388.00
2999254;64246;8;132.00
2999255;49705;6;318.00
2999255;66375;3;67.00
2999255;69845;1;42.00
2999256;21129;9;384.00
2999256;25563;2;314.00
2999256;53608;2;42.00
2999256;56324;3;41.00
2999257;20094;3;118.00
2999257;35842;2;387.00
2999257;60387;8;302.00
2999258;20674;1;123.00
2999258;36194;1;24.00
2999258;60448;1;431.00
2999258;67963;8;253.00
2999258;68480;3;38.00
2999259;67861;1;254.00
2999260;23592;8;175.00
2999260;27791;3;21.00
2999260;40339;2;251.00
2999261;42682;3;232.00
2999261;42792;3;177.00
2999261;51646;2;446.00
2999261;67078;9;304.00
2999261;69383;6;467.00
2999262;38546;2;194.00
2999262;48995;9;326.00
2999262;66819;2;143.00
2999263;23106;8;144.00
2999263;45767;2;367.00
2999263;60886;3;200.00
2999263;61890;3;159.00
2999264;37305;1;125.00
2999264;67472;3;422.00
2999265;59262;4;77.00
2999266;22447;2;332.00
2999266;24395;2;478.00
2999266;26690;1;119.00
2999266;27331;3;142.00
2999266;55063;1;28.00
2999267;52080;1;39.00
2999267;53900;2;43.00
2999268;67743;1;24.00
2999269;25426;1;299.00
2999269;30295;1;387.00
2999269;48521;2;264.00
2999270;21779;3;459.00
2999270;49162;2;265.00
2999270;59145;3;420.00
2999270;66773;1;428.00
2999271;25296;1;113.00
2999271;27540;3;171.00
2999271;29935;2;182.00
2999271;56929;1;19.00
2999272;27428;2;334.00
2999272;56491;3;413.00
2999272;65722;2;263.00
2999272;69056;4;148.00
2999272;69388;3;288.00
2999273;30027;3;53.00
2999273;31125;3;98.00
2999273;32231;1;345.00
2999273;50836;3;473.00
2999274;58560;1;89.00
2999275;43452;3;402.00
2999275;47610;9;266.00
2999275;56728;1;449.00
2999276;24261;5;101.00
2999276;47201;3;60.00
2999276;48022;2;270.00
2999276;54173;3;256.00
2999277;43963;2;348.00
2999277;49771;1;402.00
2999278;23713;1;186.00
2999278;36871;2;320.00
2999278;47035;2;111.00
2999278;60524;1;71.00
2999278;64860;2;113.00
2999279;22205;1;249.00
2999279;44350;2;384.00
2999280;66597;1;491.00
2999280;69174;2;167.00
2999281;37194;1;32.00
2999281;42262;3;443.00
2999281;62103;3;273.00
2999281;63453;1;208.00
2999282;23009;7;193.00
2999283;33999;2;368.00
2999283;41813;1;379.00
2999283;51143;2;232.00
2999283;55446;1;436.00
2999283;68106;2;123.00
2999284;34982;2;308.00
2999285;46656;3;61.00
2999285;51243;2;453.00
2999285;60163;3;168.00
2999286;35090;1;435.00
2999286;41442;7;198.00
2999286;45829;3;307.00
2999286;65377;1;388.00
2999287;48580;7;460.00
2999287;55161;1;289.00
2999287;59488;2;381.00
2999287;60513;6;152.00
2999287;61459;3;195.00
2999288;26979;2;328.00
2999288;33098;1;404.00
2999288;35684;3;477.00
2999288;59684;1;457.00
2999288;63408;2;183.00
2999289;20884;2;63.00
2999289;30598;4;176.00
2999289;45064;1;416.00
2999289;59027;7;407.00
2999289;63084;3;362.00
2999290;26260;3;167.00
2999290;39807;2;34.00
2999290;43077;3;54.00
2999290;61677;1;84.00
2999291;35542;2;306.00
2999291;39166;1;253.00
2999291;54557;1;308.00
2999291;54969;2;227.00
2999292;30828;1;173.00
2999292;33830;1;129.00
2999292;41225;3;45.00
2999292;41469;2;445.00
2999292;67378;2;331.00
2999293;20826;2;121.00
2999294;64892;9;447.00
2999295;29082;3;466.00
2999295;59187;1;460.00
2999295;68134;3;383.00
2999295;69420;1;256.00
2999296;20590;2;299.00
2999296;34137;1;485.00
2999296;48184;9;100.00
2999297;45741;2;258.00
2999297;50816;1;390.00
2999298;32080;7;397.00
2999298;36948;3;88.00
2999298;48609;9;394.00
2999298;51599;2;67.00
2999299;53186;3;389.00
2999299;65895;2;84.00
2999300;23724;2;219.00
2999300;24300;2;454.00
2999300;39139;2;115.00
2999300;56954;4;403.00
2999300;57303;3;302.00
2999301;49730;6;226.00
2999301;50574;3;340.00
2999301;60593;1;121.00
2999301;61862;1;123.00
2999302;23795;2;382.00
2999303;47978;8;387.00
2999303;58414;7;66.00
2999304;20245;1;55.00
2999304;33115;5;289.00
2999304;34062;1;385.00
2999304;58306;5;334.00
2999305;55565;2;220.00
2999306;25605;3;301.00
2999307;21447;7;336.00
2999307;52928;1;173.00
2999308;25572;1;105.00
2999308;50903;2;271.00
2999308;60570;3;157.00
2999308;61451;8;189.00
2999309;21399;3;269.00
2999309;59382;2;32.00
2999309;67620;9;310.00
2999310;49766;9;290.00
2999310;53617;1;131.00
2999311;33381;1;288.00
2999311;39133;3;398.00
2999311;46572;3;164.00
2999311;63448;6;255.00
2999312;39846;1;316.00
2999312;58872;1;49.00
2999313;52663;1;300.00
2999314;26862;9;117.00
2999314;55363;1;385.00
2999314;57433;3;392.00
2999314;69869;8;235.00
2999315;61352;1;398.00
2999315;62056;2;302.00
2999316;21584;3;477.00
2999316;52692;3;363.00
2999316;63849;8;20.00
2999317;21060;3;426.00
2999317;44207;4;31.00
2999318;26447;1;165.00
2999318;59519;1;410.00
2999318;64538;2;135.00
2999319;22249;1;164.00
2999319;31516;3;302.00
2999319;46723;3;239.00
2999319;49356;1;472.00
2999320;28454;8;253.00
2999320;30647;2;325.00
2999320;65983;2;497.00
2999321;29631;1;462.00
2999321;38033;5;246.00
2999321;38828;1;452.00
2999322;51687;6;268.00
2999322;58138;2;98.00
2999322;62966;4;74.00
2999323;21356;3;404.00
2999323;27869;1;303.00
2999323;32407;3;47.00
2999323;56470;4;378.00
2999323;57648;1;31.00
2999324;47964;1;376.00
2999324;69738;3;198.00
2999325;22084;3;159.00
2999325;26835;2;56.00
2999326;20044;2;311.00
2999326;31644;3;414.00
2999326;39962;3;304.00
2999326;43447;2;273.00
2999326;68135;2;437.00
2999327;21118;3;280.00
2999327;27575;2;225.00
2999327;28100;3;266.00
2999327;46369;6;440.00
2999327;65067;1;409.00
2999328;23400;2;301.00
2999329;45229;3;234.00
2999329;65519;1;249.00
2999330;41319;1;37.00
2999330;55744;3;261.00
2999330;61965;1;175.00
2999330;65581;3;127.00
2999331;24779;2;226.00
2999331;41072;3;222.00
2999331;48030;6;325.00
2999331;58477;2;220.00
2999332;28106;1;266.00
2999332;37229;2;490.00
2999332;38084;5;389.00
2999332;53004;1;403.00
2999333;23664;5;150.00
2999334;27077;9;450.00
2999334;42730;3;482.00
2999334;54319;3;185.00
2999335;34319;2;152.00
2999335;36147;1;495.00
2999335;43013;3;57.00
2999335;45663;7;456.00
2999335;67254;3;66.00
2999336;24799;1;282.00
2999336;53780;1;149.00
2999336;58047;9;132.00
2999336;59361;2;112.00
2999337;29803;3;415.00
2999337;39646;1;313.00
2999337;48837;6;242.00
2999337;49775;1;474.00
2999338;21592;2;47.00
2999338;35504;3;465.00
2999338;41170;2;180.00
2999338;45084;3;156.00
2999338;48131;3;387.00
2999339;31666;4;357.00
2999339;36334;2;469.00
2999339;53789;3;190.00
2999339;60109;8;103.00
2999339;65605;3;263.00
2999340;31187;9;293.00
2999340;66940;6;134.00
2999341;33396;3;406.00
2999341;46723;2;239.00
2999341;55810;1;403.00
2999341;62922;3;167.00
2999341;64457;3;366.00
2999342;33596;7;197.00
2999342;55587;1;200.00
2999342;60815;2;370.00
2999342;62894;4;216.00
2999343;33037;6;66.00
2999343;50637;3;404.00
2999344;21650;4;139.00
2999344;25714;3;205.00
2999344;46342;3;438.00
2999345;47681;1;281.00
2999346;29492;8;376.00
2999346;43036;2;349.00
2999346;57371;1;195.00
2999346;60774;1;308.00
2999347;36247;2;350.00
2999347;37397;5;379.00
2999347;40357;2;264.00
2999347;48595;2;107.00
2999347;64666;7;266.00
2999348;20070;3;181.00
2999348;60876;9;183.00
2999349;21050;2;28.00
2999349;39067;2;217.00
2999349;50935;2;243.00
2999349;61920;2;317.00
2999349;68821;3;67.00
2999350;50246;8;265.00
2999351;20742;3;390.00
2999351;31193;3;373.00
2999351;47454;1;144.00
2999351;65028;1;444.00
2999352;23184;1;88.00
2999352;60197;3;124.00
2999353;32123;4;412.00
2999353;32988;3;427.00
2999353;40759;1;320.00
2999354;26722;3;301.00
2999354;36879;2;288.00
2999354;38618;5;339.00
2999354;41143;1;275.00
2999355;25683;1;327.00
2999356;20047;2;98.00
2999356;37293;1;151.00
2999357;50052;2;20.00
2999357;54058;3;324.00
2999357;57341;3;227.00
2999358;28187;2;323.00
2999358;36917;3;119.00
2999358;50821;7;343.00
2999358;68781;2;353.00
2999359;40468;3;159.00
2999359;45541;2;413.00
2999359;49133;2;497.00
2999359;59080;3;306.00
2999359;68056;3;29.00
2999360;28482;3;215.00
2999360;30204;2;429.00
2999360;32001;1;410.00
2999360;36293;2;311.00
2999360;54486;2;406.00
2999361;31716;1;404.00
2999361;31880;3;123.00
2999361;38628;3;163.00
2999362;38718;5;355.00
2999363;21980;2;268.00
2999363;24115;7;303.00
2999363;49749;3;107.00
2999363;58814;3;493.00
2999364;45722;6;226.00
2999364;50404;2;95.00
2999365;36532;7;97.00
2999365;38031;5;456.00
2999365;54448;9;219.00
2999365;58500;1;231.00
2999365;59365;2;348.00
2999366;24986;3;349.00
2999366;33675;6;224.00
2999366;34411;3;100.00
2999366;42468;2;322.00
2999366;64095;1;207.00
2999367;38105;1;73.00
2999368;31486;2;497.00
2999369;33902;1;128.00
2999369;35927;2;172.00
2999369;36691;1;60.00
2999370;25246;7;31.00
2999370;36426;3;414.00
2999370;51755;8;184.00
2999370;64472;2;144.00
2999370;65376;9;267.00
2999371;21978;2;285.00
2999371;31289;5;352.00
2999371;39673;3;472.00
2999371;54111;3;76.00
2999372;60140;3;228.00
2999373;32716;7;365.00
2999373;38602;3;421.00
2999373;55997;7;385.00
2999374;57002;3;27.00
2999374;58659;1;332.00
2999374;67772;3;209.00
2999375;32603;2;190.00
2999375;59977;4;295.00
2999376;20194;1;200.00
2999376;37643;5;88.00
2999376;39064;2;61.00
2999376;39154;3;130.00
2999376;50565;2;244.00
2999377;22426;8;62.00
2999377;38587;2;203.00
2999377;66665;1;103.00
2999378;26242;2;46.00
2999378;50324;2;407.00
2999378;54639;2;201.00
2999378;59417;2;110.00
2999379;28781;2;283.00
2999379;30073;1;351.00
2999380;63977;2;331.00
2999381;47579;5;127.00
2999381;51595;3;32.00
2999381;68176;1;186.00
2999382;59636;3;271.00
2999382;65358;4;402.00
2999383;23208;3;209.00
2999383;36173;1;125.00
2999383;46430;4;114.00
2999383;51567;2;65.00
2999383;66417;3;427.00
2999384;22388;2;399.00
2999384;22923;6;203.00
2999385;21059;7;67.00
2999385;40886;1;52.00
2999385;51527;7;422.00
2999386;53675;1;348.00
2999387;37904;3;129.00
2999387;57018;2;480.00
2999388;29654;4;74.00
2999388;32432;3;246.00
2999388;52601;2;328.00
2999388;59098;1;197.00
2999389;29573;7;59.00
2999389;69855;6;434.00
2999390;25353;1;139.00
2999390;29683;3;348.00
2999390;31143;3;171.00
2999390;34668;8;439.00
2999390;63148;1;261.00
2999391;26209;2;355.00
2999391;42935;2;336.00
2999392;23213;1;83.00
2999392;26611;2;336.00
2999392;28278;3;389.00
2999392;30887;3;231.00
2999392;34274;2;227.00
2999393;24896;6;76.00
2999393;29012;1;77.00
2999393;30594;3;75.00
2999393;49758;1;300.00
2999393;58342;3;429.00
2999394;21391;3;283.00
2999394;51233;4;93.00
2999394;52263;3;179.00
2999394;58801;6;454.00
2999395;26718;1;54.00
2999395;31681;9;225.00
2999396;61346;3;170.00
2999396;61705;1;51.00
2999396;67415;3;349.00
2999397;50518;1;498.00
2999397;51785;1;247.00
2999397;55404;1;451.00
2999397;58105;3;132.00
2999397;60171;2;446.00
2999398;33722;6;437.00
2999398;40603;2;224.00
2999398;53438;2;30.00
2999398;58633;1;311.00
2999399;40429;1;248.00
2999399;42573;3;177.00
2999400;63173;1;368.00
2999401;32305;1;90.00
2999401;34436;2;48.00
2999401;39008;3;280.00
2999402;31633;5;334.00
2999402;41688;6;156.00
2999402;54314;1;318.00
2999402;64373;1;394.00
2999403;21205;3;482.00
2999404;30490;8;38.00
2999404;41906;1;44.00
2999404;58072;1;27.00
2999404;63114;1;490.00
2999404;65878;2;461.00
2999405;41340;3;256.00
2999405;59741;1;491.00
2999406;24682;2;327.00
2999406;29435;2;200.00
2999407;27972;1;202.00
2999407;34115;3;145.00
2999407;42364;1;44.00
2999407;50630;1;51.00
2999408;40238;3;94.00
2999408;59399;3;239.00
2999409;30413;2;82.00
2999409;34907;2;309.00
2999409;58961;2;404.00
2999409;64446;3;478.00
2999410;21540;5;364.00
2999410;35478;3;495.00
2999410;38390;3;211.00
2999410;41874;1;464.00
2999410;46493;1;108.00
2999411;29362;2;75.00
2999411;37300;3;251.00
2999412;39751;9;467.00
2999412;41671;3;275.00
2999412;44292;1;421.00
2999412;54636;2;350.00
2999412;59323;3;79.00
2999413;23729;7;128.00
2999413;30331;2;193.00
2999413;36838;2;194.00
2999413;51400;7;212.00
2999414;25708;1;420.00
2999414;61816;3;201.00
2999415;65769;1;267.00
2999415;66068;4;315.00
2999416;24990;3;59.00
2999416;39916;3;227.00
2999417;47376;7;356.00
2999417;55999;3;461.00
2999418;21402;1;159.00
2999418;25681;1;63.00
2999418;69985;9;100.00
2999419;36415;2;167.00
2999419;65217;2;376.00
2999419;67277;3;182.00
2999420;45550;1;39.00
2999421;26190;1;207.00
2999421;26981;2;124.00
2999421;56110;1;410.00
2999421;65120;5;403.00
2999421;68942;2;101.00
2999422;29969;1;405.00
2999422;32224;2;276.00
2999422;44206;6;486.00
2999422;52602;1;363.00
2999422;66773;3;428.00
2999423;34171;7;160.00
2999424;20111;2;68.00
2999424;66355;1;199.00
2999425;28868;2;438.00
2999425;33561;2;142.00
2999425;39693;2;242.00
2999425;58088;6;346.00
2999425;61636;2;439.00
2999426;28796;3;494.00
2999426;48602;1;192.00
2999427;36539;3;404.00
2999427;39306;6;267.00
2999427;44942;2;107.00
2999428;38346;7;36.00
2999428;55151;1;169.00
2999429;25801;2;375.00
2999429;31011;1;83.00
2999429;47505;1;209.00
2999429;68866;3;331.00
2999429;69097;2;47.00
2999430;25020;2;172.00
2999430;26083;3;401.00
2999430;33561;3;142.00
2999431;26932;3;246.00
2999431;34409;3;91.00
2999431;56601;9;341.00
2999432;20938;4;212.00
2999432;30403;3;312.00
2999432;31858;3;447.00
2999432;46805;3;53.00
2999432;68300;1;393.00
2999433;21675;2;148.00
2999433;29716;2;97.00
2999434;59569;2;302.00
2999435;20114;1;361.00
2999435;57097;1;68.00
2999436;20424;2;477.00
2999436;40620;2;27.00
2999436;62760;1;478.00
2999437;24687;3;161.00
2999437;26528;3;292.00
2999437;36047;1;403.00
2999437;57281;1;186.00
2999438;20634;1;359.00
2999438;22117;1;169.00
2999438;49401;1;382.00
2999438;52395;3;378.00
2999439;60260;4;114.00
2999440;37514;2;224.00
2999440;67293;1;396.00
2999441;46157;1;325.00
2999442;26086;2;468.00
2999442;37628;1;174.00
2999442;38003;9;109.00
2999442;38665;1;439.00
2999442;64715;2;185.00
2999443;42040;2;431.00
2999444;64752;2;169.00
2999445;41112;2;250.00
2999445;45253;1;92.00
2999445;60981;2;329.00
2999446;23965;5;133.00
2999446;25684;9;432.00
2999446;60959;2;332.00
2999447;39313;1;59.00
2999447;46047;1;423.00
2999447;57448;3;106.00
2999447;63433;2;186.00
2999447;65276;7;484.00
2999448;25131;3;173.00
2999448;40380;1;202.00
2999448;50121;3;153.00
2999448;61019;9;179.00
2999449;23708;7;306.00
2999450;28480;3;54.00
2999450;35742;2;379.00
2999450;38835;3;360.00
2999450;50686;1;258.00
2999450;68190;3;212.00
2999451;26382;3;193.00
2999451;59410;3;139.00
2999451;66596;3;300.00
2999452;31132;1;124.00
2999452;46033;1;327.00
2999453;26224;1;93.00
2999453;27869;3;303.00
2999453;48867;2;221.00
2999454;37984;1;47.00
2999454;64989;2;110.00
2999455;53412;3;302.00
2999455;61585;2;205.00
2999456;25424;2;114.00
2999456;31432;3;405.00
2999456;33551;3;286.00
2999456;50015;2;68.00
2999456;65651;2;195.00
2999457;28963;1;104.00
2999457;33603;6;176.00
2999457;40904;3;389.00
2999458;68581;6;19.00
2999459;28163;4;378.00
2999459;33679;6;155.00
2999459;52603;8;220.00
2999460;51447;7;203.00
2999460;57505;2;55.00
2999460;64202;6;330.00
2999461;40168;3;359.00
2999461;55967;1;92.00
2999462;28252;3;224.00
2999463;39578;1;138.00
2999463;53755;1;262.00
2999464;21325;2;470.00
2999464;27490;2;241.00
2999464;42065;1;304.00
2999464;49352;6;115.00
2999464;63508;3;265.00
2999465;22022;2;459.00
2999465;28946;3;96.00
2999465;34939;1;471.00
2999465;63816;2;204.00
2999466;28697;3;65.00
2999466;36479;8;174.00
2999466;46833;1;221.00
2999466;60225;1;161.00
2999466;62886;2;137.00
2999467;58497;6;494.00
2999468;24845;3;329.00
2999468;51574;2;63.00
2999468;55936;3;394.00
2999468;64677;3;200.00
2999469;54789;1;119.00
2999469;58276;2;201.00
2999470;41757;8;323.00
2999470;48736;2;234.00
2999470;51311;6;98.00
2999470;66036;4;172.00
2999471;42104;3;404.00
2999471;45592;1;230.00
2999472;22427;2;186.00
2999472;33601;2;74.00
2999472;51712;9;303.00
2999473;34493;3;468.00
2999473;58919;1;144.00
2999473;68790;2;33.00
2999474;42967;3;438.00
2999475;67281;8;473.00
2999476;39538;2;171.00
2999476;52793;1;401.00
2999477;32088;2;408.00
2999477;35901;1;162.00
2999478;27202;3;260.00
2999478;32581;3;26.00
2999478;35679;3;218.00
2999478;49126;1;385.00
2999478;63441;1;196.00
2999479;27119;3;116.00
2999479;38185;2;95.00
2999479;58599;1;224.00
2999479;61122;8;82.00
2999480;27676;3;315.00
2999480;28220;1;437.00
2999480;60833;2;387.00
2999481;24709;3;157.00
2999481;26759;3;41.00
2999481;30137;3;318.00
2999481;59884;5;248.00
2999482;23735;3;194.00
2999483;31632;2;368.00
2999483;49982;1;497.00
2999484;42932;8;288.00
2999484;47819;3;131.00
2999484;50175;1;154.00
2999484;60053;2;249.00
2999485;27103;3;210.00
2999485;30401;1;32.00
2999485;33402;2;100.00
2999485;68909;3;34.00
2999486;33003;1;239.00
2999486;45783;2;206.00
2999486;46868;9;104.00
2999486;49511;3;275.00
2999486;67901;3;476.00
2999487;39499;1;116.00
2999488;35399;2;354.00
2999489;60254;3;276.00
2999489;63259;1;365.00
2999490;62391;1;147.00
2999491;20161;2;46.00
2999491;49489;1;432.00
2999491;60005;4;241.00
2999492;25693;3;375.00
2999492;43465;2;314.00
2999493;49607;1;122.00
2999493;50130;3;367.00
2999493;52729;1;488.00
2999493;56789;3;428.00
2999493;60996;2;139.00
2999494;24435;1;72.00
2999494;26616;1;72.00
2999495;26940;1;60.00
2999495;33281;5;194.00
2999495;52065;2;406.00
2999495;55817;2;190.00
2999496;21919;5;302.00
2999496;27055;3;156.00
2999496;38223;2;334.00
2999496;60455;3;140.00
2999497;25686;8;271.00
2999497;30758;2;377.00
2999497;43524;3;329.00
2999497;60777;3;400.00
2999497;67467;3;201.00
2999498;25124;1;301.00
2999498;68046;3;315.00
2999499;21010;3;55.00
2999499;30034;5;327.00
2999500;20028;2;423.00
2999500;30238;1;21.00
2999500;39316;1;89.00
2999500;50999;3;126.00
2999500;64396;8;181.00
2999501;33179;3;208.00
2999502;37159;1;401.00
2999502;41602;8;90.00
2999502;58013;3;420.00
2999503;38000;1;311.00
2999503;38012;1;166.00
2999503;46273;1;53.00
2999503;50296;8;120.00
2999503;60536;8;145.00
2999504;39065;9;106.00
2999504;57388;3;108.00
2999504;57669;3;285.00
2999504;67052;3;201.00
2999505;24830;1;359.00
2999505;34744;3;367.00
2999506;44616;1;394.00
2999506;52078;3;285.00
2999506;54164;1;327.00
2999507;41853;7;349.00
2999507;51266;2;186.00
2999507;64635;3;298.00
2999508;27316;3;74.00
2999508;53136;1;430.00
2999509;29271;2;476.00
2999510;26427;1;392.00
2999510;41142;1;218.00
2999510;45686;3;199.00
2999510;58931;3;293.00
2999510;67678;1;275.00
2999511;45315;3;47.00
2999512;24378;6;200.00
2999512;35793;2;317.00
2999512;37111;1;264.00
2999512;54370;1;258.00
2999513;40598;1;335.00
2999513;65353;3;188.00
2999514;21893;7;114.00
2999515;26681;1;237.00
2999515;33925;1;399.00
2999515;48369;2;413.00
2999515;66342;2;380.00
2999516;20777;1;59.00
2999516;23879;2;195.00
2999516;35765;8;365.00
2999516;45862;3;117.00
2999516;46629;1;149.00
2999517;27527;1;385.00
2999517;37554;2;410.00
2999517;52068;2;291.00
2999518;44292;3;421.00
2999518;68596;4;426.00
2999518;69069;7;376.00
2999519;22392;9;100.00
2999519;26995;1;176.00
2999519;49029;1;41.00
2999519;61589;2;77.00
2999520;38902;2;182.00
2999520;65886;1;407.00
2999521;20258;1;353.00
2999522;54002;3;317.00
2999522;54753;1;172.00
2999522;61593;3;82.00
2999522;64734;1;254.00
2999523;20598;4;418.00
2999523;22085;2;42.00
2999523;42865;1;235.00
2999523;47059;3;462.00
2999523;56903;3;343.00
2999524;38199;4;495.00
2999525;32152;2;124.00
2999525;41359;2;244.00
2999525;63665;1;201.00
2999525;68449;3;243.00
2999526;62018;3;274.00
2999526;69308;1;449.00
2999527;41666;9;46.00
2999528;28313;1;168.00
2999528;42426;1;249.00
2999528;46797;2;122.00
2999528;53359;1;336.00
2999528;60968;3;31.00
2999529;22528;7;321.00
2999529;50762;3;91.00
2999529;66302;3;40.00
2999529;68368;5;327.00
2999530;25910;2;46.00
2999530;47446;2;300.00
2999530;55108;1;287.00
2999531;34847;1;359.00
2999531;52133;2;262.00
2999532;22536;3;224.00
2999532;23197;3;264.00
2999532;58731;3;198.00
2999532;59915;1;236.00
2999532;68087;1;225.00
2999533;38000;1;311.00
2999534;54565;1;284.00
2999534;61026;1;83.00
2999534;62677;3;248.00
2999534;68740;2;415.00
2999535;29940;2;417.00
2999535;31320;3;59.00
2999536;24827;1;393.00
2999536;52196;6;32.00
2999536;58015;2;343.00
2999537;48329;1;410.00
2999537;56985;1;297.00
2999537;62631;4;422.00
2999537;68481;3;111.00
2999538;34894;1;27.00
2999538;49358;2;368.00
2999538;64049;2;48.00
2999538;65454;9;395.00
2999538;66786;1;177.00
2999539;21368;3;220.00
2999539;24261;1;101.00
2999539;35286;3;295.00
2999539;63869;1;213.00
2999539;67919;1;333.00
2999540;23630;9;264.00
2999540;32786;1;456.00
2999540;47119;3;358.00
2999540;66164;6;35.00
2999541;47102;2;379.00
2999541;52404;8;288.00
2999542;68707;2;83.00
2999543;26816;4;159.00
2999543;48231;1;332.00
2999543;61295;3;361.00
2999543;64890;1;494.00
2999544;20075;2;309.00
2999544;31087;1;427.00
2999544;32021;2;351.00
2999544;41357;3;56.00
2999545;21803;1;486.00
2999545;35895;1;36.00
2999545;41957;1;236.00
2999545;46869;3;325.00
2999545;47091;3;112.00
2999546;27716;2;323.00
2999546;44882;3;236.00
2999546;51555;2;65.00
2999547;20432;9;86.00
2999548;22367;3;398.00
2999548;23173;1;364.00
2999548;29837;3;88.00
2999548;67699;6;98.00
2999548;68970;3;324.00
2999549;25159;1;381.00
2999549;29402;1;26.00
2999549;33925;3;399.00
2999549;64718;3;59.00
2999550;25916;2;94.00
2999550;63946;1;46.00
2999550;64318;3;407.00
2999551;54961;2;282.00
2999552;29703;2;179.00
2999553;28699;1;189.00
2999553;42580;3;382.00
2999553;63429;8;227.00
2999553;64383;2;77.00
2999554;66532;2;140.00
2999555;49768;1;475.00
2999555;55582;5;82.00
2999555;66259;2;269.00
2999555;69933;1;421.00
2999556;32980;1;133.00
2999556;35457;1;178.00
2999556;41094;1;149.00
2999556;61074;3;390.00
2999557;40975;4;476.00
2999557;51536;3;286.00
2999557;63186;2;318.00
2999557;63349;3;26.00
2999558;26325;2;217.00
2999558;46605;3;326.00
2999559;20863;8;385.00
2999559;21447;3;336.00
2999559;64597;1;309.00
2999560;21657;2;290.00
2999561;30779;5;471.00
2999561;34185;2;163.00
2999561;58445;1;321.00
2999562;36716;5;281.00
2999562;55896;3;193.00
2999563;36700;2;266.00
2999563;50787;1;431.00
2999563;67254;3;66.00
2999564;24365;9;408.00
2999565;37008;2;30.00
2999565;37595;3;74.00
2999565;45946;3;112.00
2999565;61245;2;333.00
2999565;62005;2;272.00
2999566;57650;3;52.00
2999567;31934;2;427.00
2999567;54932;2;55.00
2999568;28567;1;122.00
2999568;45746;3;167.00
2999568;66138;1;37.00
2999569;35160;2;465.00
2999569;51098;5;259.00
2999570;20160;1;409.00
2999570;34596;2;336.00
2999570;39757;3;327.00
2999570;44809;1;374.00
2999570;58565;1;419.00
2999571;24837;3;269.00
2999571;56709;1;49.00
2999571;59062;8;133.00
2999571;61979;2;140.00
2999571;64706;3;164.00
2999572;61196;3;204.00
2999573;22063;2;145.00
2999573;32866;1;206.00
2999574;45525;3;240.00
2999574;45610;6;426.00
2999574;58857;2;54.00
2999574;65126;1;453.00
2999575;20490;2;392.00
2999575;21155;1;155.00
2999575;43185;5;317.00
2999576;38044;1;192.00
2999576;41259;3;330.00
2999576;43283;1;348.00
2999576;54520;2;263.00
2999577;25559;1;418.00
2999577;33264;2;408.00
2999577;39263;6;461.00
2999577;58023;1;148.00
2999577;64830;3;56.00
2999578;25101;4;406.00
2999578;27810;1;358.00
2999578;43664;3;417.00
2999578;53119;1;213.00
2999578;60870;1;423.00
2999579;21305;3;197.00
2999579;32683;1;315.00
2999579;67533;2;283.00
2999580;48044;2;390.00
2999580;58639;3;91.00
2999581;24911;1;99.00
2999581;28233;2;26.00
2999581;36565;3;171.00
2999581;60086;3;470.00
2999582;39845;4;217.00
2999582;56693;2;130.00
2999583;32321;1;419.00
2999583;35252;6;201.00
2999583;37438;2;192.00
2999583;52968;4;46.00
2999583;57918;2;142.00
2999584;30612;1;255.00
2999584;34207;2;35.00
2999584;36804;3;163.00
2999584;46844;3;317.00
2999585;20104;8;33.00
2999585;29717;1;164.00
2999585;31900;2;191.00
2999585;35415;3;69.00
2999585;60848;7;250.00
2999586;34377;1;259.00
2999586;55309;2;214.00
2999586;69590;2;411.00
2999587;59046;3;128.00
2999587;60442;2;365.00
2999587;67865;2;447.00
2999588;36707;8;242.00
2999588;37417;3;162.00
2999588;59565;1;48.00
2999588;59889;3;122.00
2999588;62701;3;494.00
2999589;33647;8;191.00
2999589;36071;2;270.00
2999590;21508;1;330.00
2999590;44306;2;379.00
2999590;61585;3;205.00
2999591;29612;3;197.00
2999591;31535;2;442.00
2999591;33087;2;231.00
2999591;34610;2;171.00
2999591;56840;2;80.00
2999592;39514;3;407.00
2999592;59194;3;69.00
2999592;59291;4;488.00
2999592;68492;3;125.00
2999593;27505;1;131.00
2999593;37602;2;208.00
2999593;42723;1;459.00
2999593;63100;1;491.00
2999593;67238;3;173.00
2999594;26563;2;263.00
2999594;28239;2;269.00
2999594;31539;3;491.00
2999594;43622;9;302.00
2999594;60616;8;286.00
2999595;34848;4;145.00
2999596;25273;2;448.00
2999596;52060;1;41.00
2999596;60862;3;198.00
2999597;21127;3;92.00
2999597;35030;4;178.00
2999597;40005;3;390.00
2999597;55727;1;471.00
2999597;65585;3;182.00
2999598;48201;3;266.00
2999598;51412;3;290.00
2999598;67754;1;42.00
2999599;27062;1;254.00
2999599;31538;3;467.00
2999599;57407;7;231.00
2999600;54389;3;108.00
2999601;22070;2;108.00
2999601;46200;9;183.00
2999602;35293;1;157.00
2999602;40726;2;347.00
2999602;51688;1;488.00
2999602;54479;2;71.00
2999602;55711;2;171.00
2999603;31929;9;39.00
2999603;49770;1;379.00
2999603;57183;7;382.00
2999604;44411;1;226.00
2999604;44675;1;205.00
2999604;53039;2;196.00
2999605;25321;3;365.00
2999605;38138;1;322.00
2999605;42978;2;40.00
2999605;57265;2;228.00
2999605;61251;2;379.00
2999606;34139;2;244.00
2999606;51369;2;124.00
2999607;23651;1;174.00
2999607;24518;3;323.00
2999607;26684;1;125.00
2999607;57596;3;124.00
2999608;60581;5;469.00
2999609;34977;6;385.00
2999609;41174;1;150.00
2999609;56688;4;465.00
2999609;66489;2;462.00
2999609;68273;1;434.00
2999610;22155;8;472.00
2999610;38382;3;207.00
2999610;51879;2;237.00
2999611;24456;1;221.00
2999611;34844;2;471.00
2999611;52318;3;419.00
2999611;56017;3;254.00
2999612;58682;7;230.00
2999613;26464;2;185.00
2999613;48820;2;307.00
2999614;33776;1;423.00
2999615;35014;3;109.00
2999615;49952;6;214.00
2999615;69294;2;79.00
2999616;20648;3;186.00
2999616;34192;3;230.00
2999616;35983;3;263.00
2999616;50107;3;139.00
2999616;56995;2;357.00
2999617;24829;3;311.00
2999617;30069;3;315.00
2999617;35178;3;145.00
2999617;44914;2;33.00
2999617;46266;7;261.00
2999618;49538;1;272.00
2999618;53177;2;287.00
2999619;39468;3;34.00
2999620;28106;2;266.00
2999620;36329;3;194.00
2999620;39178;2;160.00
2999620;46188;2;402.00
2999621;40811;2;46.00
2999621;57848;3;240.00
2999621;58382;3;72.00
2999621;60733;3;300.00
2999622;29943;2;43.00
2999622;35669;3;456.00
2999622;47726;3;209.00
2999622;56581;2;409.00
2999623;57482;8;32.00
2999623;69385;1;273.00
2999624;23656;1;407.00
2999625;32753;1;322.00
2999625;40418;1;475.00
2999626;49977;3;382.00
2999626;52374;7;448.00
2999626;61478;2;400.00
2999627;51053;9;238.00
2999627;57153;2;226.00
2999627;63274;1;209.00
2999628;38218;1;313.00
2999628;44111;1;390.00
2999629;43396;6;101.00
2999630;39932;3;94.00
2999630;52717;3;166.00
2999630;61004;2;252.00
2999631;33091;4;131.00
2999631;64782;2;290.00
2999632;30660;2;229.00
2999633;39460;3;173.00
2999633;56530;6;412.00
2999633;62840;1;147.00
2999634;59052;2;194.00
2999635;27751;4;241.00
2999635;29112;2;378.00
2999635;67688;3;240.00
2999636;32560;2;45.00
2999636;34911;2;164.00
2999636;43246;1;319.00
2999636;45991;1;325.00
2999637;25579;1;245.00
2999637;27419;9;344.00
2999637;67285;1;19.00
2999638;68043;1;374.00
2999639;24056;1;253.00
2999639;42258;2;282.00
2999639;63125;3;474.00
2999639;67527;8;313.00
2999639;68488;3;74.00
2999640;22769;2;477.00
2999641;49468;2;152.00
2999641;61527;2;97.00
2999641;63301;7;259.00
2999642;31734;1;218.00
2999642;39809;6;465.00
2999642;43330;1;380.00
2999642;48561;2;269.00
2999643;67601;2;474.00
2999644;20563;1;477.00
2999644;27593;5;282.00
2999644;30163;1;451.00
2999644;44997;4;221.00
2999644;68021;2;410.00
2999645;26173;3;171.00
2999645;29443;3;471.00
2999645;36238;2;338.00
2999645;36844;2;156.00
2999646;28574;2;351.00
2999646;28598;4;247.00
2999646;31636;4;38.00
2999646;39172;3;113.00
2999646;45283;3;491.00
2999647;34371;2;120.00
2999647;52285;1;406.00
2999647;52613;9;315.00
2999647;65506;2;104.00
2999648;42320;3;240.00
2999648;61522;2;191.00
2999648;64699;1;255.00
2999648;68379;2;490.00
2999649;22212;3;187.00
2999649;41611;5;290.00
2999649;51976;3;341.00
2999649;53944;9;442.00
2999649;56325;3;247.00
2999650;25411;8;137.00
2999650;46365;5;59.00
2999650;68728;2;65.00
2999651;40913;3;190.00
2999652;37228;2;475.00
2999653;49064;9;312.00
2999654;24876;6;149.00
2999654;39908;1;219.00
2999654;48031;1;369.00
2999654;50118;3;368.00
2999654;60637;3;135.00
2999655;37359;1;88.00
2999655;58243;1;488.00
2999655;67424;2;211.00
2999656;23326;1;251.00
2999656;35244;1;262.00
2999656;50503;3;409.00
2999656;63933;8;311.00
2999657;23538;3;73.00
2999657;25770;2;337.00
2999657;45502;1;476.00
2999657;47849;1;470.00
2999657;55077;3;102.00
2999658;41317;1;37.00
2999658;58438;2;252.00
2999658;69381;1;333.00
2999659;55952;8;30.00
2999659;62369;3;205.00
2999660;25308;1;226.00
2999660;45044;3;449.00
2999660;58605;1;187.00
2999660;59015;3;182.00
2999660;68791;1;26.00
2999661;20796;1;413.00
2999661;23815;6;228.00
2999661;46162;1;100.00
2999661;52123;1;339.00
2999661;69022;2;111.00
2999662;20429;2;364.00
2999662;52248;3;362.00
2999663;29299;7;115.00
2999663;65904;2;346.00
2999664;51998;2;72.00
2999664;66449;5;58.00
2999664;69177;1;433.00
2999665;21078;2;474.00
2999665;28808;1;262.00
2999665;29490;9;225.00
2999666;45496;3;37.00
2999667;44876;1;155.00
2999668;28452;1;88.00
2999668;37357;3;414.00
2999668;54334;3;402.00
2999668;60104;3;447.00
2999669;26716;1;401.00
2999669;34377;2;259.00
2999669;37588;3;51.00
2999669;47809;2;333.00
2999669;66193;4;195.00
2999670;61893;3;167.00
2999670;65922;1;184.00
2999671;44291;1;489.00
2999671;58225;1;58.00
2999671;63810;1;46.00
2999672;26431;1;373.00
2999672;34914;1;157.00
2999672;38146;1;239.00
2999672;41107;2;112.00
2999673;30731;1;194.00
2999673;35760;1;417.00
2999673;57611;1;172.00
2999673;57831;3;328.00
2999673;67091;7;355.00
2999674;24262;1;403.00
2999674;30005;6;167.00
2999674;66228;1;375.00
2999674;69211;4;250.00
2999675;38533;3;145.00
2999675;44495;1;199.00
2999675;54513;2;308.00
2999675;60804;1;122.00
2999676;23071;2;231.00
2999676;27477;3;496.00
2999677;48495;2;450.00
2999677;56464;3;86.00
2999678;46699;8;117.00
2999679;32643;1;129.00
2999679;51413;3;488.00
2999680;64032;3;257.00
2999680;69441;2;28.00
2999681;47016;6;19.00
2999681;62561;3;58.00
2999682;37909;9;227.00
2999682;42934;2;58.00
2999682;49924;2;76.00
2999682;62051;6;492.00
2999682;67343;3;348.00
2999683;26730;1;474.00
2999683;42571;2;53.00
2999683;49747;8;279.00
2999683;57702;3;44.00
2999684;49835;1;450.00
2999684;62726;9;256.00
2999685;53289;8;163.00
2999685;65928;3;468.00
2999686;45726;2;478.00
2999686;67571;3;291.00
2999687;26174;5;340.00
2999687;33232;5;181.00
2999687;62932;2;336.00
2999688;32115;3;269.00
2999688;52292;1;259.00
2999689;32831;3;470.00
2999689;37336;3;350.00
2999689;38774;1;322.00
2999689;39846;2;316.00
2999689;49814;2;139.00
2999690;24722;1;54.00
2999690;40412;1;56.00
2999690;47138;1;19.00
2999690;56712;2;132.00
2999691;48888;3;24.00
2999691;58016;2;429.00
2999691;66387;1;203.00
2999692;38236;1;262.00
2999692;45953;3;267.00
2999692;55942;2;188.00
2999692;67711;2;46.00
2999693;26395;3;298.00
2999693;44042;3;355.00
2999693;67949;2;174.00
2999694;42086;1;82.00
2999695;35919;2;350.00
2999696;23081;2;224.00
2999696;25243;2;47.00
2999696;27950;3;203.00
2999696;28005;3;337.00
2999696;39410;2;167.00
2999697;27831;9;301.00
2999697;49874;8;27.00
2999697;61877;6;41.00
2999697;68908;3;137.00
2999698;34927;8;238.00
2999699;32596;1;107.00
2999699;36498;1;280.00
2999699;45685;8;291.00
2999699;62825;3;478.00
2999699;68828;3;238.00
2999700;32553;3;461.00
2999701;66631;2;113.00
2999702;35942;7;264.00
2999702;49326;2;75.00
2999702;56467;1;50.00
2999702;68874;8;387.00
2999702;69351;3;481.00
2999703;30057;2;190.00
2999703;34008;3;267.00
2999703;36883;2;108.00
2999703;64721;1;202.00
2999704;34987;2;149.00
2999704;56834;2;361.00
2999705;38665;2;439.00
2999705;55229;2;343.00
2999705;63242;3;78.00
2999705;66616;2;108.00
2999706;25578;1;469.00
2999706;27609;1;417.00
2999706;58267;3;94.00
2999707;31717;3;243.00
2999707;62360;8;162.00
2999708;59452;3;113.00
2999708;62448;3;325.00
2999708;67609;1;231.00
2999709;31122;7;117.00
2999709;39348;3;391.00
2999709;43100;1;51.00
2999709;56649;3;430.00
2999710;41446;9;47.00
2999711;21569;2;79.00
2999711;42237;1;234.00
2999711;63812;1;101.00
2999711;67362;2;121.00
2999712;36481;1;97.00
2999712;51186;1;234.00
2999713;26348;1;182.00
2999713;33219;1;329.00
2999713;36090;2;327.00
2999713;52891;6;152.00
2999714;23961;3;50.00
2999714;27181;1;447.00
2999714;62179;3;188.00
2999715;22715;2;31.00
2999715;26865;3;110.00
2999715;27528;2;179.00
2999715;65387;8;252.00
2999716;30758;2;377.00
2999716;44521;1;294.00
2999716;57348;1;185.00
2999716;62613;3;483.00
2999716;68214;7;69.00
2999717;36650;3;46.00
2999717;48966;2;447.00
2999717;57494;3;328.00
2999717;66259;1;269.00
2999718;22262;2;105.00
2999718;38086;2;322.00
2999718;61922;1;59.00
2999719;29247;2;323.00
2999719;45290;1;260.00
2999719;51829;3;441.00
2999720;53780;2;149.00
2999720;69184;2;486.00
2999721;58439;9;356.00
2999722;37830;2;117.00
2999722;40577;6;243.00
2999722;50773;9;475.00
2999723;33926;4;354.00
2999723;50489;2;438.00
2999723;60751;2;80.00
2999724;20171;3;112.00
2999724;44314;2;77.00
2999724;50483;3;53.00
2999724;66528;4;73.00
2999725;20016;1;405.00
2999725;22376;2;476.00
2999725;27639;1;443.00
2999725;44091;6;352.00
2999725;63681;2;461.00
2999726;45717;1;337.00
2999726;49408;1;340.00
2999726;55212;3;85.00
2999726;65117;2;89.00
2999726;69863;3;346.00
2999727;52694;1;128.00
2999727;61931;3;498.00
2999727;63299;3;449.00
2999727;68109;9;187.00
2999728;38670;3;97.00
2999728;47008;1;169.00
2999728;47475;1;316.00
2999728;59808;3;464.00
2999728;64516;3;268.00
2999729;31503;4;167.00
2999729;38096;2;208.00
2999729;43292;7;145.00
2999729;46427;3;412.00
2999730;22935;3;171.00
2999730;47788;6;51.00
2999730;49339;1;271.00
2999730;66097;1;187.00
2999731;28066;4;143.00
2999731;28283;2;373.00
2999731;44652;1;128.00
2999731;54374;2;139.00
2999731;65939;3;132.00
2999732;31392;2;206.00
2999732;49962;3;419.00
2999732;52713;2;363.00
2999732;63232;2;73.00
2999732;66463;1;135.00
2999733;23295;1;125.00
2999734;57664;9;29.00
2999735;21062;1;287.00
2999735;23930;1;463.00
2999735;58490;1;119.00
2999735;69467;3;456.00
2999736;64705;3;270.00
2999736;69244;5;448.00
2999737;40493;1;292.00
2999737;63858;1;254.00
2999738;23166;9;68.00
2999738;57073;1;240.00
2999738;62296;1;102.00
2999739;32418;1;289.00
2999739;39011;3;387.00
2999739;44986;1;401.00
2999739;62418;2;339.00
2999740;30349;1;430.00
2999740;36134;2;235.00
2999741;24009;3;184.00
2999741;33416;3;468.00
2999741;41111;1;420.00
2999741;56011;2;310.00
2999742;35270;1;93.00
2999742;41976;3;193.00
2999742;59649;3;65.00
2999743;35384;5;307.00
2999743;39093;8;160.00
2999743;55406;3;184.00
2999744;42084;7;463.00
2999745;20306;4;400.00
2999745;52349;1;352.00
2999745;53630;1;322.00
2999746;23945;2;449.00
2999746;63846;1;475.00
2999747;35176;7;327.00
2999747;46190;2;205.00
2999747;51121;3;383.00
2999747;58429;3;32.00
2999748;31238;2;133.00
2999748;35967;2;120.00
2999748;40153;1;202.00
2999749;27498;2;150.00
2999749;39472;5;94.00
2999749;61156;9;337.00
2999750;23432;4;169.00
2999750;45485;3;187.00
2999750;55348;9;213.00
2999751;34279;9;174.00
2999751;43016;2;78.00
2999751;57566;1;374.00
2999752;30679;3;352.00
2999752;33843;2;105.00
2999752;42036;2;456.00
2999753;46935;3;463.00
2999753;58780;7;398.00
2999754;47926;2;298.00
2999754;49780;1;69.00
2999755;33566;6;347.00
2999755;33836;9;435.00
2999755;42485;2;453.00
2999755;62363;1;489.00
2999755;68106;1;123.00
2999756;23603;3;223.00
2999756;34225;1;149.00
2999756;41735;6;168.00
2999756;53616;1;75.00
2999756;63304;3;422.00
2999757;20405;1;253.00
2999757;29211;2;84.00
2999758;25081;2;262.00
2999758;29850;3;362.00
2999758;60044;2;400.00
2999758;68114;1;341.00
2999759;56672;2;213.00
2999759;69194;1;34.00
2999760;28065;4;227.00
2999760;40308;3;483.00
2999760;55173;2;88.00
2999760;55760;1;349.00
2999761;63922;3;292.00
2999762;22631;2;483.00
2999762;27808;1;57.00
2999762;67795;2;324.00
2999763;20464;7;274.00
2999763;61055;2;411.00
2999764;62243;3;80.00
2999765;32805;3;306.00
2999766;67249;1;160.00
2999767;28536;3;262.00
2999767;32757;7;110.00
2999767;47732;1;66.00
2999768;26824;3;134.00
2999768;55213;9;124.00
2999768;63305;2;366.00
2999769;43795;3;141.00
2999769;45024;2;485.00
2999769;46883;1;34.00
2999769;63171;2;475.00
2999769;64352;3;66.00
2999770;38571;4;335.00
2999770;52049;2;278.00
2999770;61219;3;287.00
2999771;37870;1;127.00
2999772;22335;2;156.00
2999772;26597;2;251.00
2999772;55865;1;97.00
2999773;40383;6;425.00
2999773;60170;2;110.00
2999774;22894;1;40.00
2999774;25766;3;477.00
2999774;63083;2;391.00
2999774;65930;2;224.00
2999775;46984;1;32.00
2999776;39245;2;89.00
2999776;52564;3;388.00
2999777;39751;1;467.00
2999777;50494;7;84.00
2999777;62900;1;228.00
2999778;31621;2;145.00
2999778;44173;2;74.00
2999778;55076;5;303.00
2999778;64896;9;384.00
2999779;21298;1;443.00
2999780;27109;2;245.00
2999780;36258;1;262.00
2999780;37583;3;188.00
2999780;51319;1;309.00
2999780;55485;5;377.00
2999781;64822;1;54.00
2999782;40059;1;454.00
2999782;52513;1;42.00
2999782;59119;1;250.00
2999783;28821;2;287.00
2999783;68896;2;239.00
2999784;20326;1;213.00
2999784;25899;7;370.00
2999784;27177;3;328.00
2999784;61279;2;301.00
2999784;66368;5;498.00
2999785;44392;9;423.00
2999785;52537;1;252.00
2999785;66026;8;293.00
2999786;31143;3;171.00
2999786;38535;2;370.00
2999786;44826;3;105.00
2999786;48977;9;53.00
2999786;68467;8;403.00
2999787;25560;1;111.00
2999787;31951;1;103.00
2999787;38224;1;145.00
2999787;41441;3;414.00
2999788;27868;7;48.00
2999788;29256;1;495.00
2999788;61028;3;184.00
2999789;45381;3;186.00
2999789;49205;3;54.00
2999790;52776;2;262.00
2999790;64308;7;358.00
2999790;69478;7;340.00
2999791;26531;1;51.00
2999791;26556;1;156.00
2999791;26871;3;77.00
2999791;51315;1;209.00
2999792;25751;1;268.00
2999792;27775;2;367.00
2999792;35281;3;106.00
2999792;43337;1;170.00
2999792;58862;1;145.00
2999793;21357;2;240.00
2999793;46841;1;222.00
2999793;58741;1;145.00
2999794;51660;3;43.00
2999794;60759;4;203.00
2999794;62248;3;373.00
2999795;29879;3;99.00
2999795;31014;1;147.00
2999795;33079;9;367.00
2999795;65222;8;124.00
2999795;65765;6;53.00
2999796;21304;2;260.00
2999796;36127;5;381.00
2999796;49327;1;452.00
2999796;49560;3;412.00
2999796;57525;1;270.00
2999797;26461;1;50.00
2999797;34088;2;276.00
2999797;69366;3;88.00
2999798;40324;2;385.00
2999798;56561;2;455.00
2999798;63389;1;246.00
2999798;67102;1;252.00
2999799;45564;2;64.00
2999800;20717;7;42.00
2999800;42763;2;340.00
2999800;49605;1;275.00
2999800;56377;3;416.00
2999801;30249;1;128.00
2999801;36425;2;303.00
2999801;37777;3;83.00
2999802;35745;9;166.00
2999802;36235;2;178.00
2999802;41494;3;365.00
2999803;61449;1;220.00
2999804;35345;2;353.00
2999804;37757;5;286.00
2999804;39173;6;217.00
2999804;41752;1;208.00
2999804;60182;2;386.00
2999805;21143;3;179.00
2999805;44131;2;337.00
2999805;49019;2;26.00
2999806;20816;1;59.00
2999806;25474;3;275.00
2999806;45447;1;237.00
2999806;58008;3;460.00
2999806;66945;3;338.00
2999807;28831;1;324.00
2999807;40326;3;390.00
2999807;41761;2;384.00
2999808;28364;3;274.00
2999808;42558;1;433.00
2999808;53449;7;116.00
2999809;27847;2;157.00
2999809;47216;3;183.00
2999809;49305;9;453.00
2999809;68962;1;414.00
2999810;40571;7;356.00
2999811;26660;4;387.00
2999811;46244;3;237.00
2999812;29438;2;276.00
2999813;28131;7;282.00
2999813;44895;3;169.00
2999813;63052;9;372.00
2999813;64099;1;340.00
2999814;28965;3;309.00
2999815;37213;2;449.00
2999815;40481;1;376.00
2999815;42007;2;223.00
2999816;49841;7;297.00
2999817;30449;2;131.00
2999817;33970;1;310.00
2999817;51804;1;491.00
2999817;54642;2;446.00
2999818;29395;2;158.00
2999818;45694;9;436.00
2999819;65779;2;235.00
2999820;28328;1;132.00
2999820;30913;3;451.00
2999820;41559;2;128.00
2999820;62447;3;127.00
2999820;63865;1;136.00
2999821;28779;3;141.00
2999821;32005;7;33.00
2999821;35703;2;186.00
2999821;54166;6;335.00
2999821;57673;2;251.00
2999822;23430;1;353.00
2999822;53850;2;125.00
2999822;64916;1;221.00
2999823;31102;1;46.00
2999823;53030;2;425.00
2999824;21295;3;293.00
2999824;44417;1;262.00
2999824;53230;3;40.00
2999824;54438;1;295.00
2999824;55041;7;280.00
2999825;35943;5;92.00
2999825;69211;3;250.00
2999826;34900;8;288.00
2999826;55833;2;46.00
2999827;41428;3;353.00
2999827;54857;3;469.00
2999827;58004;2;102.00
2999827;58534;1;243.00
2999828;35271;3;309.00
2999828;42116;1;102.00
2999828;45020;2;161.00
2999828;52048;8;35.00
2999828;67430;4;394.00
2999829;31229;1;205.00
2999830;22933;1;74.00
2999830;33688;7;333.00
2999830;41520;1;339.00
2999831;50946;1;475.00
2999832;47073;3;401.00
2999833;33183;2;145.00
2999833;37406;3;41.00
2999833;38442;1;433.00
2999833;52469;2;414.00
2999833;63678;1;152.00
2999834;31801;2;205.00
2999834;38577;2;210.00
2999834;60559;8;390.00
2999834;69086;2;119.00
2999835;35028;1;198.00
2999835;35565;6;62.00
2999835;39586;1;239.00
2999835;43623;2;179.00
2999835;68224;4;106.00
2999836;29970;3;264.00
2999836;56046;2;44.00
2999836;63028;6;309.00
2999837;40417;1;107.00
2999837;41911;3;77.00
2999837;52556;2;153.00
2999837;52658;1;182.00
2999837;68451;3;305.00
2999838;55975;2;309.00
2999839;61125;2;312.00
2999840;37386;3;199.00
2999840;57378;3;31.00
2999840;58593;3;450.00
2999840;69849;9;287.00
2999841;20656;3;140.00
2999841;26560;1;276.00
2999842;34025;5;284.00
2999842;37841;9;387.00
2999843;46023;5;304.00
2999843;50773;6;475.00
2999844;33677;1;275.00
2999844;45554;1;49.00
2999845;59600;2;72.00
2999845;60665;2;16.00
2999845;68758;3;269.00
2999845;69519;9;475.00
2999846;33288;5;247.00
2999846;42508;1;337.00
2999846;66071;3;127.00
2999847;22506;1;125.00
2999848;22390;2;185.00
2999848;31401;2;371.00
2999849;25999;2;122.00
2999849;32981;1;290.00
2999850;43226;3;36.00
2999850;48078;1;72.00
2999850;61345;3;316.00
2999850;63513;1;110.00
2999850;67930;3;59.00
2999851;25993;2;441.00
2999851;48419;5;252.00
2999851;58957;1;53.00
2999851;69815;2;121.00
2999852;27541;9;175.00
2999852;59961;4;23.00
2999853;30179;3;228.00
2999853;48548;7;394.00
2999853;65429;1;70.00
2999854;66370;3;309.00
2999855;23701;1;233.00
2999855;64008;3;260.00
2999856;20688;4;191.00
2999856;26074;1;330.00
2999856;32490;5;140.00
2999857;44603;3;123.00
2999857;56270;2;124.00
2999857;67333;3;179.00
2999858;60932;3;391.00
2999858;63861;3;227.00
2999858;64468;8;322.00
2999858;64901;8;467.00
2999859;36654;2;263.00
2999859;46795;9;52.00
2999859;68706;3;95.00
2999860;62942;2;488.00
2999861;60208;4;178.00
2999862;20088;7;316.00
2999862;21595;3;485.00
2999862;35448;9;291.00
2999862;35514;8;401.00
2999862;49524;1;48.00
2999863;63184;1;437.00
2999864;27525;3;452.00
2999864;58455;1;77.00
2999864;59316;7;283.00
2999864;59767;1;210.00
2999865;48582;6;66.00
2999866;57135;6;85.00
2999866;64257;2;371.00
2999867;21951;3;496.00
2999867;25067;2;204.00
2999867;33081;2;351.00
2999867;45905;2;184.00
2999867;63529;7;137.00
2999868;22589;4;427.00
2999868;26062;2;104.00
2999868;27352;3;281.00
2999868;39675;3;395.00
2999868;54886;9;451.00
2999869;43249;3;286.00
2999869;46707;6;67.00
2999869;52677;3;471.00
2999869;54577;2;128.00
2999869;66033;5;63.00
2999870;20089;3;453.00
2999870;24402;1;166.00
2999870;48573;2;289.00
2999870;66699;3;477.00
2999871;20005;4;165.00
2999871;23136;2;101.00
2999871;49883;1;345.00
2999871;50113;2;470.00
2999871;54356;3;166.00
2999872;22484;2;356.00
2999872;39949;2;468.00
2999872;48108;6;340.00
2999872;58453;3;139.00
2999872;66428;2;401.00
2999873;56104;3;494.00
2999874;27593;1;282.00
2999874;27660;1;419.00
2999874;42918;1;405.00
2999874;63496;3;411.00
2999874;66392;1;72.00
2999875;49529;1;84.00
2999875;49568;1;185.00
2999876;44382;8;164.00
2999877;33574;1;98.00
2999877;35957;2;175.00
2999877;46842;3;279.00
2999878;59254;3;163.00
2999879;30302;3;497.00
2999879;40927;2;191.00
2999879;41976;4;193.00
2999880;28670;7;210.00
2999880;29589;3;361.00
2999880;55646;1;458.00
2999880;60992;6;492.00
2999881;36994;1;23.00
2999881;37575;2;57.00
2999881;50926;1;52.00
2999881;52280;3;353.00
2999881;62593;1;266.00
2999882;22359;1;231.00
2999882;57765;1;376.00
2999882;67732;1;469.00
2999883;32852;3;384.00
2999883;40397;2;192.00
2999883;46948;3;333.00
2999884;24980;3;82.00
2999884;34336;5;452.00
2999884;52641;2;474.00
2999884;66065;3;92.00
2999884;67166;8;327.00
2999885;59212;1;314.00
2999885;68042;3;363.00
2999886;48788;3;74.00
2999886;56404;2;145.00
2999887;23408;3;79.00
2999887;27909;2;453.00
2999887;61729;3;156.00
2999888;42440;2;185.00
2999888;57718;2;241.00
2999888;62779;2;323.00
2999889;39581;2;335.00
2999889;39994;7;420.00
2999889;54000;2;486.00
2999889;55929;8;330.00
2999889;62359;5;261.00
2999890;31353;2;105.00
2999890;33628;3;138.00
2999891;29588;2;46.00
2999891;31820;1;54.00
2999891;66015;3;260.00
2999891;68474;3;170.00
2999891;68948;1;116.00
2999892;22247;3;319.00
2999892;35879;8;164.00
2999892;46806;1;411.00
2999893;30981;3;476.00
2999893;31167;3;289.00
2999893;49210;1;263.00
2999894;20849;1;263.00
2999894;35952;2;239.00
2999895;37656;2;109.00
2999895;40025;5;142.00
2999895;40501;2;457.00
2999896;49287;3;358.00
2999896;62058;1;284.00
2999896;65446;1;279.00
2999897;26513;2;255.00
2999897;30416;3;273.00
2999897;39878;1;183.00
2999897;54702;3;149.00
2999898;43006;2;449.00
2999898;48890;3;482.00
2999898;53537;2;110.00
2999899;20035;3;384.00
2999899;20841;2;165.00
2999899;49617;2;88.00
2999899;67361;8;405.00
2999900;58741;2;145.00
2999900;60587;1;402.00
2999901;65568;1;284.00
2999902;59471;3;207.00
2999903;50029;3;299.00
2999903;57133;3;464.00
2999904;27886;2;472.00
2999904;34422;6;453.00
2999904;43449;4;495.00
2999905;48150;3;203.00
2999906;27267;3;322.00
2999906;33216;3;62.00
2999906;46212;2;277.00
2999906;65848;1;485.00
2999907;21710;1;292.00
2999907;27220;2;77.00
2999907;64485;1;474.00
2999907;66139;7;220.00
2999908;41977;1;205.00
2999908;53737;9;429.00
2999908;62945;1;370.00
2999909;20385;6;109.00
2999909;24718;2;241.00
2999909;30190;3;127.00
2999909;45517;2;485.00
2999910;28577;3;365.00
2999910;44848;3;375.00
2999910;51758;8;59.00
2999910;53515;5;217.00
2999910;66260;3;133.00
2999911;29844;3;290.00
2999911;35106;2;326.00
2999911;61221;3;286.00
2999911;62845;5;333.00
2999911;69632;3;99.00
2999912;28528;2;85.00
2999913;27687;1;367.00
2999913;30123;2;355.00
2999913;46184;1;328.00
2999913;57442;1;322.00
2999914;40718;3;347.00
2999914;54342;2;197.00
2999914;63656;8;260.00
2999915;52325;1;145.00
2999916;23132;5;405.00
2999916;54408;8;160.00
2999916;66556;4;170.00
2999916;66996;2;187.00
2999917;24468;8;226.00
2999918;44698;3;287.00
2999918;54170;2;269.00
2999919;21908;1;385.00
2999919;67917;1;87.00
2999920;56885;2;460.00
2999920;57034;3;52.00
2999920;57748;1;282.00
2999920;67142;1;208.00
2999921;20136;3;314.00
2999921;21654;9;274.00
2999921;31134;9;66.00
2999921;34439;2;184.00
2999922;38467;2;381.00
2999922;56176;1;290.00
2999923;29279;1;377.00
2999923;63039;3;327.00
2999924;38020;3;44.00
2999924;61711;4;271.00
2999925;40420;3;332.00
2999925;62681;9;249.00
2999926;55980;6;194.00
2999927;28709;1;425.00
2999927;34396;2;293.00
2999927;38607;2;269.00
2999927;46473;6;299.00
2999927;63709;3;41.00
2999928;28204;3;231.00
2999928;29399;1;399.00
2999928;29819;2;186.00
2999928;39567;2;300.00
2999928;44896;3;327.00
2999929;36202;2;216.00
2999929;46666;1;266.00
2999929;48732;3;461.00
2999930;41140;1;164.00
2999931;37782;2;400.00
2999931;44494;1;497.00
2999931;54685;3;438.00
2999931;56858;3;121.00
2999931;57168;3;79.00
2999932;35658;2;487.00
2999932;40591;1;201.00
2999932;41571;3;484.00
2999933;37992;7;352.00
2999933;45121;1;417.00
2999933;60038;1;313.00
2999933;63587;2;493.00
2999934;22346;5;217.00
2999934;31100;1;237.00
2999934;37805;1;125.00
2999934;52527;2;271.00
2999935;22118;1;171.00
2999935;54844;6;403.00
2999936;20586;1;218.00
2999936;30572;3;318.00
2999936;39484;3;467.00
2999936;59282;3;217.00
2999937;20530;1;238.00
2999937;36310;4;294.00
2999937;42225;3;393.00
2999937;68925;2;287.00
2999938;30201;1;405.00
2999938;65242;9;389.00
2999939;49905;3;395.00
2999939;62318;3;426.00
2999939;63348;3;276.00
2999939;66857;1;123.00
2999940;20134;1;66.00
2999940;21351;3;371.00
2999940;57722;3;224.00
2999940;65773;1;235.00
2999941;35519;9;282.00
2999942;21991;2;390.00
2999942;31350;3;441.00
2999942;36055;3;118.00
2999942;52607;1;274.00
2999942;66674;1;98.00
2999943;23499;3;379.00
2999943;52522;3;141.00
2999943;53308;2;304.00
2999944;26882;1;281.00
2999944;37717;1;375.00
2999944;45455;2;297.00
2999944;46378;1;334.00
2999944;65411;5;259.00
2999945;31801;3;205.00
2999946;38910;1;325.00
2999946;57643;2;402.00
2999946;66278;1;410.00
2999946;69674;3;465.00
2999947;55992;3;383.00
2999948;21620;3;145.00
2999949;44870;1;19.00
2999949;48092;3;314.00
2999949;52613;7;315.00
2999949;60543;1;181.00
2999949;67655;3;443.00
2999950;45508;3;338.00
2999951;32075;2;220.00
2999951;46991;1;84.00
2999951;67517;2;90.00
2999952;25362;2;462.00
2999952;28368;3;303.00
2999952;68002;3;160.00
2999953;21628;1;119.00
2999953;26988;3;209.00
2999953;39874;1;418.00
2999953;53866;3;398.00
2999953;69663;3;32.00
2999954;38475;1;252.00
2999955;22855;3;161.00
2999955;27536;2;31.00
2999955;45527;8;405.00
2999956;29318;3;269.00
2999956;45853;3;343.00
2999956;57865;2;62.00
2999957;49477;1;297.00
2999958;23161;1;351.00
2999958;51668;3;190.00
2999958;60695;2;294.00
2999959;31090;2;102.00
2999960;49674;2;384.00
2999960;53911;4;346.00
2999960;65421;3;404.00
2999961;44737;1;18.00
2999961;53304;3;250.00
2999962;24478;3;308.00
2999962;58523;2;79.00
2999962;60363;2;424.00
2999962;62856;1;108.00
2999962;64095;9;207.00
2999963;34637;3;221.00
2999963;37902;2;478.00
2999963;39376;2;416.00
2999963;43714;2;394.00
2999963;67637;3;118.00
2999964;37577;3;484.00
2999965;22877;8;242.00
2999965;39599;1;63.00
2999966;39292;1;28.00
2999966;53318;1;219.00
2999967;33660;1;371.00
2999967;37661;1;434.00
2999967;39666;2;227.00
2999967;53951;1;356.00
2999968;26376;1;422.00
2999968;66266;2;279.00
2999969;42361;3;369.00
2999969;68558;3;341.00
2999970;35524;5;128.00
2999970;35823;1;253.00
2999970;40020;3;396.00
2999971;23423;4;52.00
2999971;27751;8;241.00
2999972;29275;1;317.00
2999972;55335;3;335.00
2999972;58483;9;198.00
2999972;65495;1;121.00
2999972;66433;1;151.00
2999973;33596;2;197.00
2999973;54188;2;274.00
2999973;62368;2;58.00
2999973;67309;2;173.00
2999974;42326;8;81.00
2999974;66565;2;392.00
2999975;25083;3;433.00
2999975;35402;2;143.00
2999975;37273;3;60.00
2999975;49408;1;340.00
2999976;25259;6;120.00
2999976;29461;5;203.00
2999976;54427;3;97.00
2999977;25943;2;223.00
2999977;39443;2;86.00
2999977;40951;1;39.00
2999977;53167;1;216.00
2999977;69373;1;333.00
2999978;27234;1;365.00
2999978;53501;2;338.00
2999979;41901;4;153.00
2999979;51919;2;428.00
2999979;53311;1;310.00
2999979;54905;1;325.00
2999979;60715;8;19.00
2999980;39232;5;192.00
2999980;43367;4;139.00
2999980;43944;3;285.00
2999980;50536;3;412.00
2999981;22389;2;55.00
2999981;27582;2;489.00
2999981;41765;2;144.00
2999982;43109;3;89.00
2999982;64751;1;256.00
2999982;68603;1;407.00
2999983;35381;4;305.00
2999983;39143;3;455.00
2999983;48263;6;76.00
2999983;66589;5;30.00
2999983;69047;5;137.00
2999984;38349;2;243.00
2999984;46741;1;67.00
2999985;31649;2;221.00
2999985;40338;2;132.00
2999985;41715;2;168.00
2999985;60056;2;141.00
2999986;37836;3;378.00
2999986;43474;3;355.00
2999987;29888;4;417.00
2999987;56621;2;351.00
2999987;58638;2;24.00
2999987;64472;3;144.00
2999988;31255;5;129.00
2999988;38597;2;269.00
2999988;53215;4;175.00
2999988;68733;7;431.00
2999989;24999;2;152.00
2999989;33894;1;449.00
2999989;36906;1;365.00
2999989;61393;9;387.00
2999989;69127;3;293.00
2999990;23726;1;64.00
2999990;34368;3;193.00
2999990;68951;2;430.00
2999991;31367;1;58.00
2999991;33370;6;204.00
2999991;41702;7;26.00
2999991;65642;1;204.00
2999992;32929;1;142.00
2999992;39701;1;241.00
2999993;48443;3;461.00
2999993;52243;9;416.00
2999993;53689;1;246.00
2999994;20735;2;290.00
2999994;34935;7;395.00
2999995;22952;1;374.00
2999995;28819;1;410.00
2999995;54274;9;161.00
2999995;64514;9;46.00
2999996;56670;2;185.00
2999997;20996;1;495.00
2999997;32150;2;427.00
2999997;35885;2;263.00
2999997;64564;3;79.00
2999998;63935;3;229.00
2999998;68368;2;327.00
2999999;24889;2;46.00
2999999;37494;2;419.00
